Dataset,Seed,n_classes,total_eps,flat_LR_bal_acc,flat_LR_auprc,flat_LR_MIA,flat_LR_MIA_rf,flat_LR_AIA,flat_RF_bal_acc,flat_RF_MIA_rf,dpgbc_bal_acc,dpgbc_mlp_bal_acc,dpgbc_MIA,dpgbc_MIA_rf,dpgbc_AIA,boundary_rate,MIA_positive_control,dplc_bal_acc,dplc_auprc,dplc_MIA,dplc_MIA_rf,dplc_mean_radius,class_collapse
BreastCancer,42,2,3.0,0.5390625,0.9539563002941895,0.5145611096417761,0.8029621793176409,0.08187134502923976,0.5,0.8029621793176409,0.6993282710280374,0.7164865654205608,0.48954568162449674,0.4924476182079991,-0.34502923976608185,0.4,0.6174439448705515,0.8301693925233644,0.9388280238863477,0.5142672426459786,0.4924476182079991,2.651789365598674,0
BreastCancer,123,2,3.0,0.5192026869158879,0.6091439865001609,0.4534220811660642,0.7472303035646067,-0.05847953216374269,0.5,0.7472303035646067,0.8313376168224299,0.8970502336448598,0.4784889359076082,0.520982103499956,-0.11695906432748537,0.4,0.5529254459431662,0.9141355140186915,0.9370869949761466,0.4825443004496165,0.520982103499956,2.6662246418668465,0
BreastCancer,456,2,3.0,0.484375,0.8061036731643317,0.5344999853066502,0.7787181521643305,-0.011695906432748537,0.4953271028037383,0.7787181521643305,0.7922021028037383,0.8378358644859814,0.43657615563196106,0.4836169149842781,-0.052631578947368474,0.3333333333333333,0.5399438714038026,0.7922021028037383,0.9801338394788094,0.4781950689118106,0.4836169149842781,2.66727963024106,0
BreastCancer,789,2,3.0,0.8344042056074766,0.9520504596335145,0.5089335566722502,0.46128302330365273,-0.08187134502923976,0.5,0.46128302330365273,0.6781542056074766,0.5684871495327103,0.48616621117282327,0.5010432278350818,-0.22222222222222227,0.8,0.5822680654735667,0.71875,0.9724372774466439,0.48897998765758616,0.5010432278350818,2.6479643937005535,0
BreastCancer,101,2,3.0,0.5,0.5531783982524625,0.4811190455199976,0.7957624379205971,0.017543859649122806,0.5,0.7957624379205971,0.7581045560747663,0.7505841121495327,0.5133415616092156,0.5080225689852773,-0.16374269005847958,0.4,0.6224470304740075,0.8595210280373832,0.9612634646050474,0.5025419495136502,0.5080225689852773,2.6694308308173795,0
PimaDiabetes,42,2,3.0,0.6890123456790123,0.7805638382085215,0.4455004957798254,0.4498698074117068,0.004329004329004349,0.49283950617283956,0.4498698074117068,0.5666666666666667,0.6598765432098765,0.49506235539755095,0.5489532193442808,0.16450216450216443,1.0,0.7436092771288302,0.5777777777777777,0.7064861400055753,0.5044700798890743,0.5489532193442808,1.2400035279526165,0
PimaDiabetes,123,2,3.0,0.45728395061728394,0.551556145266514,0.5334752150394608,0.4509581045893895,-0.09523809523809523,0.46283950617283953,0.4509581045893895,0.4439506172839506,0.4201234567901235,0.5009955903810652,0.5430844760453699,-0.017316017316017285,0.5,0.7420050464743202,0.5207407407407407,0.6984920041023484,0.5095971688150459,0.5430844760453699,1.2436238944967224,0
PimaDiabetes,456,2,3.0,0.4659259259259259,0.6352283802007224,0.48437285867453467,0.6422565640442736,-0.025974025974025983,0.44753086419753085,0.6422565640442736,0.7325925925925926,0.5325925925925925,0.48121276612896724,0.49062855208106604,-0.44588744588744583,0.8,0.7291308939353632,0.6137037037037036,0.8079513098220713,0.48419550654187526,0.49062855208106604,1.2818384191666938,0
PimaDiabetes,789,2,3.0,0.5317283950617284,0.7887720484842643,0.48090643062710103,0.5439389908663652,0.06926406926406925,0.6275308641975308,0.5439389908663652,0.5592592592592592,0.3817283950617284,0.4858239215781116,0.49018517174941756,-0.4848484848484848,0.75,0.7138987641780938,0.457037037037037,0.5969037301770821,0.5156674486283426,0.49018517174941756,1.2552947422053524,0
PimaDiabetes,101,2,3.0,0.5624691358024692,0.6886651327824106,0.5018178593597588,0.508146105911469,0.0,0.5275308641975308,0.508146105911469,0.5644444444444444,0.5282716049382716,0.4966182172886084,0.4975211008730561,0.23376623376623373,1.0,0.7314727482325248,0.6496296296296296,0.8317784349375863,0.5071142389578144,0.4975211008730561,1.2526703176060916,0
BloodTransfusion,42,2,3.0,0.4936647173489279,0.7826562909604586,0.5278308901635861,0.3769619715317612,0.062222222222222234,0.5214424951267056,0.3769619715317612,0.4824561403508772,0.4926900584795322,0.5059145952836201,0.5132143615891226,-0.14222222222222225,0.875,0.5648311026131294,0.5,0.7008203415869905,0.4695942213724241,0.5132143615891226,0.7923081172191232,0
BloodTransfusion,123,2,3.0,0.5029239766081871,0.8343595297764281,0.48803484172509026,0.16465264499681323,0.3466666666666666,0.5,0.16465264499681323,0.5,0.4420077972709552,0.47835139154450823,0.479562353940939,-0.4933333333333334,0.6,0.5448778415126407,0.40692007797270957,0.7099443955610146,0.4805991077119184,0.479562353940939,0.8099899711569195,0
BloodTransfusion,456,2,3.0,0.49025341130604283,0.7705250761995417,0.504720628850648,0.5817633312088379,-0.004444444444444473,0.5735867446393762,0.5817633312088379,0.5,0.6398635477582846,0.4964096027193542,0.5284852347567452,-0.20444444444444448,0.5,0.6012364563416189,0.621832358674464,0.860802978955735,0.5478988740174209,0.5284852347567452,0.8338224105230383,0
BloodTransfusion,789,2,3.0,0.3996101364522417,0.6426589909366559,0.507202039515615,0.2947100063734863,0.17777777777777776,0.5297270955165692,0.2947100063734863,0.5043859649122807,0.5516569200779727,0.48591884427448473,0.4867983853834714,-0.7733333333333334,1.0,0.5215806246016571,0.5433723196881092,0.7646523228440388,0.4803484172509029,0.4867983853834714,0.8740016267639475,0
BloodTransfusion,101,2,3.0,0.49171539961013644,0.7930199703182834,0.4542341193966433,0.3179307414489059,0.0444444444444444,0.5092592592592593,0.3179307414489059,0.5,0.4756335282651072,0.5568387507966858,0.4615296367112811,-0.7866666666666666,0.8333333333333334,0.5706649670703208,0.5428849902534113,0.7873441944168333,0.44735075419587844,0.4615296367112811,0.823316772484592,0
MAGIC04,42,2,3.0,0.5043860183481768,0.3801550864873198,0.5005501322751323,0.22634444444444446,-0.002777777777777768,0.48536369432701015,0.22634444444444446,0.7282536743056487,0.7372511036115612,0.5047689153439153,0.48792480158730156,-0.2138888888888889,0.6666666666666666,0.6731196428571428,0.7154570596620329,0.6837775800933927,0.4998809523809524,0.48792480158730156,1.444111770320159,0
MAGIC04,123,2,3.0,0.5,0.5336054253393447,0.4997236772486773,0.38942777777777776,0.01055555555555554,0.5248825318697028,0.38942777777777776,0.5031351908933264,0.7402360327651816,0.5025328042328042,0.5015854497354497,-0.4138888888888889,0.75,0.6865365740740741,0.6511917380409931,0.6370701452019641,0.4959792328042328,0.5015854497354497,1.3980859678185145,0
MAGIC04,456,2,3.0,0.598462050788468,0.5674207235280233,0.4951722883597883,0.22458716931216932,-0.05833333333333335,0.49665159988141505,0.22458716931216932,0.6676149400780549,0.7495441383707566,0.5068783068783068,0.5070361111111111,-0.07166666666666677,1.0,0.6849063492063492,0.7295451130415007,0.7236069270158532,0.4997162037037037,0.5070361111111111,1.4167806086230943,0
MAGIC04,789,2,3.0,0.5201086757879604,0.544518505452918,0.5050621693121693,0.05577817460317461,0.0427777777777778,0.5038824384637565,0.05577817460317461,0.7245377420939989,0.7035051596632512,0.5076037037037037,0.4896001984126984,-0.2255555555555555,0.875,0.6781394841269841,0.7661460300442258,0.72298664427762,0.5049342592592593,0.4896001984126984,1.4128905561470724,0
MAGIC04,101,2,3.0,0.517269947245946,0.5331676882095091,0.5105142857142857,0.2461771164021164,0.01611111111111113,0.5116473153912694,0.2461771164021164,0.6967839926574804,0.7398745923642669,0.5126700396825398,0.5007185846560847,-0.7072222222222222,1.0,0.6752749338624339,0.7388430658268254,0.6832344660864191,0.5030927248677248,0.5007185846560847,1.4142505591570034,0
Banknote,42,2,3.0,0.9202400553606795,0.9771806751122226,0.48504753236245957,0.480736751618123,0.016990291262135915,0.5128379507003603,0.480736751618123,0.7705872527262749,0.8645095091512158,0.5217372067152104,0.5136744033171521,-0.03398058252427183,0.6,0.607153873381877,0.881451786097788,0.9570454679115065,0.4942531351132686,0.5136744033171521,0.7794519791593396,0
Banknote,123,2,3.0,0.6672512945331328,0.7437820478496917,0.476099817961165,0.48575798948220067,0.32281553398058255,0.5575321545326557,0.48575798948220067,0.8444293316152433,0.8498102942229222,0.5046179712783171,0.5165402508090615,0.4223300970873786,0.625,0.5906641889158575,0.8634714964087145,0.8943084633493549,0.4959825040453074,0.5165402508090615,0.7603844355811606,0
Banknote,456,2,3.0,0.5343260075882311,0.5399303517597115,0.4828162924757282,0.20260669498381875,0.03398058252427183,0.5278831698761544,0.20260669498381875,0.7920156537094041,0.866740639988546,0.5028152811488673,0.49512540453074433,0.4320388349514563,1.0,0.567894164644013,0.8536402033073234,0.907234080797717,0.49014335558252425,0.49512540453074433,0.7883635107601233,0
Banknote,789,2,3.0,0.6601283795070036,0.8493370096400408,0.47856366302588993,0.5491327872168286,0.08980582524271846,0.6679194406662372,0.5491327872168286,0.8519459756126662,0.9377550289927696,0.5283563410194175,0.5211038632686085,-0.06310679611650483,0.6,0.5992225424757283,0.9043954470613501,0.9768048358345807,0.4751352649676375,0.5211038632686085,0.7301306495956924,0
Banknote,101,2,3.0,0.6431980337413797,0.7891455403158572,0.4857327063106796,0.5815255865695792,0.13592233009708737,0.5323812250936597,0.5815255865695792,0.7055861789199895,0.8591046841816403,0.5103256472491909,0.5025447512135923,0.2257281553398059,0.8,0.5573713086569579,0.8481757224330064,0.9394490644410127,0.4821172127831715,0.5025447512135923,0.7560630939119614,0
Ionosphere,42,2,3.0,0.47329721362229105,0.4499525649793505,0.4928378898729303,0.61817481709665,0.0,0.5,0.61817481709665,0.5189628482972136,0.5905572755417956,0.5390643049672699,0.4738737004235657,-0.5660377358490567,0.75,0.6615710435117443,0.5657894736842105,0.5336620633423924,0.4102040816326531,0.4738737004235657,2.8072817760957087,0
Ionosphere,123,2,3.0,0.5715944272445821,0.710284581310782,0.5374470542934154,0.7284944166345784,0.0,0.5526315789473684,0.7284944166345784,0.7074303405572755,0.6617647058823529,0.5132460531382365,0.5188101655756642,-0.6698113207547169,0.4,0.7139391605698884,0.6826625386996904,0.69555903162662,0.5293608009241433,0.5188101655756642,2.78822908187092,0
Ionosphere,456,2,3.0,0.3595201238390093,0.34832958356523547,0.5153253754331921,0.8499422410473623,0.0,0.5131578947368421,0.8499422410473623,0.5921052631578947,0.7043343653250773,0.5171736619175973,0.5370042356565269,-0.5566037735849056,0.75,0.707662687716596,0.4779411764705882,0.5373469930017658,0.5313053523296111,0.5370042356565269,2.780488734602286,0
Ionosphere,789,2,3.0,0.48684210526315785,0.34534654554111555,0.503484790142472,0.8188294185598768,0.0,0.47639318885448917,0.8188294185598768,0.5990712074303406,0.5255417956656347,0.4596264921062765,0.5196187909125914,-0.5094339622641509,0.8,0.637639584135541,0.6017801857585139,0.49255548260043297,0.5590103966114748,0.5196187909125914,2.812169894712659,0
Ionosphere,101,2,3.0,0.41021671826625383,0.33783843768697774,0.5376973430881786,0.9317289179822874,0.0,0.46904024767801855,0.9317289179822874,0.631578947368421,0.3397832817337461,0.5014247208317288,0.474547554871005,-0.509433962264151,1.0,0.6719484020023103,0.6153250773993808,0.5865850263797752,0.4556026184058529,0.474547554871005,2.8074476217943753,0
Sonar,42,2,3.0,0.4543610547667343,0.4768911488522647,0.49600437876299946,0.9995621237000547,-0.14285714285714285,0.4629817444219067,0.9995621237000547,0.5,0.5,0.5,0.4445539135194308,-0.9682539682539683,0.6666666666666666,0.8379857690202518,0.5,0.4932572006156168,0.4582375478927203,0.4445539135194308,3.8103090042940178,0
Sonar,123,2,3.0,0.4802231237322515,0.514103471173432,0.44794745484400655,0.9998905309250138,-0.06349206349206349,0.5,0.9998905309250138,0.5,0.5294117647058824,0.4827586206896552,0.5693486590038316,-0.8253968253968254,0.5,0.9062944718117133,0.43407707910750504,0.5234282061342957,0.5497536945812808,0.5693486590038316,3.8271707890440227,0
Sonar,456,2,3.0,0.3904665314401623,0.4706213188954828,0.5237000547345375,1.0,-0.2222222222222222,0.5289046653144016,1.0,0.5998985801217038,0.5471602434077079,0.4983032293377121,0.5810618500273672,-0.5555555555555556,0.6666666666666666,0.8189928845101259,0.5344827586206896,0.5757965834466945,0.5652983032293377,0.5810618500273672,3.8215530063969516,0
Sonar,789,2,3.0,0.5248478701825557,0.6959786229126563,0.4673234811165846,0.9995621237000548,-0.06349206349206349,0.6039553752535497,0.9995621237000548,0.4117647058823529,0.5441176470588235,0.48976464148877946,0.4637110016420361,-0.8253968253968254,0.75,0.8359058565955118,0.5339756592292089,0.5725465335103195,0.5147235905856595,0.4637110016420361,3.835069889098879,0
Sonar,101,2,3.0,0.4579107505070994,0.4887759574886914,0.4702791461412151,0.999671592775041,-0.031746031746031744,0.38843813387423937,0.999671592775041,0.507606490872211,0.4721095334685599,0.5344827586206897,0.5189928845101258,-0.9047619047619048,0.6666666666666666,0.8485495347564312,0.5,0.6094463773010496,0.466447728516694,0.5189928845101258,3.80731546656048,0
Wine,42,3,3.0,0.2740740740740741,0.36366505296218393,0.5857228195937874,0.996415770609319,,0.3412698412698412,0.996415770609319,0.6666666666666666,0.6021164021164022,0.46184289127837513,0.5471923536439665,,1.0,0.6445639187574672,0.580952380952381,0.6607676193733562,0.4299581839904421,0.5471923536439665,1.6975919367300931,0
Wine,123,3,3.0,0.6089947089947089,0.6214187634518159,0.505973715651135,0.9864097968936678,,0.3322751322751323,0.9864097968936678,0.4259259259259259,0.508994708994709,0.5213560334528077,0.42891278375149344,,1.0,0.6999701314217444,0.5455026455026455,0.6623470520886395,0.5654121863799283,0.42891278375149344,1.6446425296314575,0
Wine,456,3,3.0,0.6121693121693123,0.6978426066005289,0.5201612903225806,0.9890979689366787,,0.3978835978835979,0.9890979689366787,0.5814814814814815,0.6322751322751322,0.41031959378733573,0.42502986857825564,,1.0,0.6368727598566308,0.6042328042328042,0.6247447777885675,0.44802867383512546,0.42502986857825564,1.666910799152597,0
Wine,789,3,3.0,0.4936507936507937,0.676293708894789,0.4647550776583035,0.9790919952210275,,0.5671957671957671,0.9790919952210275,0.4883597883597884,0.6825396825396824,0.46953405017921146,0.5319593787335724,,1.0,0.7005675029868579,0.6772486772486772,0.7266818517304657,0.4861111111111111,0.5319593787335724,1.6931358091128375,0
Wine,101,3,3.0,0.42857142857142855,0.6178927192393386,0.5654121863799284,0.9268219832735962,,0.4444444444444444,0.9268219832735962,0.8253968253968255,0.36772486772486773,0.548984468339307,0.3741039426523297,,0.8333333333333334,0.6407556750298685,0.5523809523809524,0.5333472329255088,0.5899044205495819,0.3741039426523297,1.7000250041384417,0
WisconsinOriginal,42,2,3.0,0.7702589807852966,0.8413130787476658,0.548290641902235,0.7723594244310644,-0.004878048780487809,0.4112886382623224,0.7723594244310644,0.7355367585630743,0.7456662489557226,0.4981477701806307,0.5063782018573324,-0.039024390243902474,0.6,0.513542198183488,0.7766290726817042,0.9321065684475761,0.5056944586182264,0.5063782018573324,1.350364730156493,0
WisconsinOriginal,123,2,3.0,0.8327589807852966,0.983175283424667,0.5332329829574447,0.530594958669252,0.004878048780487809,0.5500730994152047,0.530594958669252,0.9036654135338346,0.9539995822890559,0.5245943463618737,0.48875905704663747,-0.02439024390243899,0.5,0.5588019185631187,0.9539995822890559,0.9687083033580121,0.5109041738952955,0.48875905704663747,1.3315396834785111,0
WisconsinOriginal,456,2,3.0,0.8706662489557226,0.9694611872941122,0.5163486070007144,0.5807888560057148,0.009756097560975618,0.5833333333333334,0.5807888560057148,0.9088868003341688,0.908312447786132,0.4952546178181447,0.4786968057965098,0.15609756097560973,0.6,0.5487804878048781,0.9207393483709273,0.9508956626772402,0.5009082559444842,0.4786968057965098,1.3675093473599662,0
WisconsinOriginal,789,2,3.0,0.8781850459482038,0.9727376475445877,0.5151035819981631,0.4081589958158996,0.0,0.5416666666666666,0.4081589958158996,0.8747389306599833,0.8941102756892231,0.5254770894989285,0.5085723032962547,0.0829268292682927,0.4,0.5662924788243698,0.8802213868003341,0.9276080058968051,0.5129605061740994,0.5085723032962547,1.3849092935263152,0
WisconsinOriginal,101,2,3.0,0.6597222222222222,0.9247146343456264,0.4928360036738443,0.49739769364220837,0.0,0.554406850459482,0.49739769364220837,0.8081662489557226,0.8567773600668338,0.5012654352484948,0.5194917848760077,-0.1609756097560976,0.5,0.571042963567711,0.8466478696741855,0.9339594809846903,0.5262986018981528,0.5194917848760077,1.3574539800376304,0
Waveform,42,3,3.0,0.33983151299635933,0.5003084510396608,0.499460380952381,0.33738628571428575,,0.3348044196088393,0.33738628571428575,0.5665534247735162,0.4432785115570231,0.5112309523809524,0.4827476190476191,,1.0,0.8266195238095239,0.5431695030056728,0.6950353198142577,0.4994392380952381,0.4827476190476191,3.0746688054530025,0
Waveform,123,3,3.0,0.33456629413258826,0.5074552584210641,0.49744152380952383,0.3871986666666667,,0.3404400558801117,0.3871986666666667,0.5419153754974176,0.5779252391838118,0.4982891428571429,0.5068469523809523,,1.0,0.830972,0.673757514181695,0.7595045672414565,0.4982845714285714,0.5068469523809523,3.0741683813191,0
Waveform,456,3,3.0,0.3333333333333333,0.3974848880444409,0.49851733333333337,0.5167779047619048,,0.2750455084243502,0.5167779047619048,0.4743988654643976,0.5665163830327661,0.4995467619047619,0.4941064761904762,,1.0,0.8175074285714286,0.41116332232664465,0.7221405144643885,0.5037426666666667,0.4941064761904762,3.0754127761395833,0
Waveform,789,3,3.0,0.39744729489458974,0.5319309352172203,0.5027348571428571,0.5607824761904762,,0.3776246719160105,0.5607824761904762,0.5223361696723393,0.340741681483363,0.4987388571428572,0.4913247619047619,,0.875,0.8206366666666667,0.47728812124290915,0.6552999851309922,0.4946110476190476,0.4913247619047619,3.0746680975973995,0
Waveform,101,3,3.0,0.4518086952840572,0.5808414584191892,0.5004373333333334,0.8088516190476192,,0.28337460841588347,0.8088516190476192,0.5204682076030819,0.38011176022352045,0.4939352380952381,0.4972145714285714,,1.0,0.8275709523809524,0.6122258911184489,0.6909236890582428,0.5118965714285715,0.4972145714285714,3.075666216557633,0
Vehicle,42,4,3.0,0.25,0.30710193809615305,0.4804945201106618,0.9462518620983188,,0.23846153846153847,0.9462518620983188,0.32421875,0.25,0.4883818365609704,0.5072322568631623,,1.0,0.7411583581613109,0.25,0.3541049468271827,0.4941543413492232,0.5072322568631623,2.005594745999155,0
Vehicle,123,4,3.0,0.25,0.25921475528467036,0.4983174611619493,0.9675595871462013,,0.21923076923076923,0.9675595871462013,0.3653846153846154,0.25,0.5196052351564163,0.48323113960417113,,1.0,0.7402406097041925,0.25,0.37487589380780845,0.5079671206639711,0.48323113960417113,1.9988822914744049,0
Vehicle,456,4,3.0,0.25,0.33517005229349606,0.5079804213662481,0.9239399340285166,,0.25442708333333336,0.9239399340285166,0.25,0.25384615384615383,0.5,0.4832477654820175,,1.0,0.740802564375399,0.25,0.3698593633113076,0.5128019259416897,0.4832477654820175,2.035576411871976,0
Vehicle,789,4,3.0,0.25,0.23486249948303584,0.5203700255373483,0.5907440412853799,,0.25,0.5907440412853799,0.25,0.27578125,0.5,0.4994313949776549,,1.0,0.7479982443072994,0.25,0.3578294915822118,0.4875372419663759,0.4994313949776549,2.0318902909279797,0
Vehicle,101,4,3.0,0.2709735576923077,0.3200089347364413,0.4944403064481805,0.40994094488188976,,0.25,0.40994094488188976,0.25,0.2730769230769231,0.49475287295169185,0.5054266865290487,,1.0,0.7398449138114493,0.25,0.34938260681872113,0.48945919344541394,0.5054266865290487,2.0102328369335765,0
Segment,42,7,3.0,0.10533910533910532,0.10946345908826473,0.48657794483397454,0.883725495970394,,0.1544011544011544,0.883725495970394,0.329004329004329,0.3823953823953824,0.4994712564285848,0.5063636631354628,,0.6666666666666666,0.576844511909447,0.35209235209235207,0.5409954901336841,0.506547050146308,0.5063636631354628,2.0271033384187054,0
Segment,123,7,3.0,0.13564213564213565,0.2376594910667471,0.4871004416458962,0.6212411240240554,,0.14285714285714285,0.6212411240240554,0.29004329004329005,0.3217893217893218,0.499582359508148,0.4883573788954123,,0.8571428571428571,0.5544289078611899,0.37518037518037517,0.5471699386590663,0.49257706493328013,0.4883573788954123,2.0073759817738197,0
Segment,456,7,3.0,0.030303030303030304,0.20931132905021843,0.5013818724393864,0.9000206143063285,,0.05194805194805195,0.9000206143063285,0.27705627705627706,0.3246753246753246,0.506360539755716,0.5014479096111749,,0.875,0.5732347773164099,0.3823953823953824,0.5784485790349708,0.5029337459764176,0.5014479096111749,1.9902389445154964,0
Segment,789,7,3.0,0.21645021645021645,0.1809767384010616,0.5165851464552763,0.5010766736184176,,0.14862914862914864,0.5010766736184176,0.3463203463203463,0.37518037518037517,0.48399937175447383,0.5069749531716137,,0.875,0.5857871943215172,0.3246753246753246,0.5919087171303044,0.5038230168100297,0.5069749531716137,2.0188133917596196,0
Segment,101,7,3.0,0.126984126984127,0.2367161040124937,0.49787565557509894,0.18079996002073923,,0.14285714285714285,0.18079996002073923,0.38239538239538234,0.30447330447330445,0.4957789753708121,0.4895612186892335,,0.875,0.6010801539558497,0.38095238095238093,0.5459084221769542,0.5004073779583984,0.4895612186892335,1.9902168505838034,0
Spambase,42,2,3.0,0.5,0.515645003539595,0.49813158616719366,0.37498054789714896,0.0,0.5,0.37498054789714896,0.5630084246960433,0.49816176470588236,0.5018683013929055,0.5002399467484631,-0.09123823316437363,0.8333333333333334,0.6349639742557603,0.5383284138027972,0.8154915424320599,0.5082633207550564,0.5002399467484631,3.729858161264208,0
Spambase,123,2,3.0,0.5,0.6760013075733384,0.4996247880507868,0.584403911109512,0.0,0.5,0.584403911109512,0.5,0.5,0.5,0.4987440463072488,-1.0,0.5,0.6167172271420925,0.5,0.5667822967742818,0.500994081163618,0.4987440463072488,3.7232814778002226,0
Spambase,456,2,3.0,0.5,0.6917498242651281,0.4986390274398334,0.9218306565140932,0.0,0.5874633231428772,0.9218306565140932,0.5,0.5,0.5,0.4981825214422891,-0.99637943519189,0.75,0.6407280933341128,0.5,0.602629915124793,0.5027374618266536,0.4981825214422891,3.72079803017928,0
Spambase,789,2,3.0,0.5005984696746082,0.6711930781212931,0.5054461390386839,0.7443917226242573,0.0,0.5119485294117647,0.7443917226242573,0.5,0.4996782539180547,0.5,0.5124283195631936,-0.9855177407675597,1.0,0.6413481993874274,0.5,0.5280717683712225,0.5168057173440797,0.5124283195631936,3.719073175676024,0
Spambase,101,2,3.0,0.5,0.5187288655324613,0.5035654692566823,0.4286391173917541,0.0,0.5,0.4286391173917541,0.5,0.5,0.5,0.5063771414179121,-0.9616220130340333,0.75,0.6509786768971985,0.5313422411975544,0.8681066308835175,0.5063703950238597,0.5063771414179121,3.717794328470839,0
WineQuality,42,7,3.0,0.11330891330891332,0.15690094852783404,0.4962821358686764,0.41550777351085244,,0.1292865445310251,0.41550777351085244,0.14285714285714285,0.20685095322683075,0.5025074859163269,0.49682162936396496,,1.0,0.8348419075975706,0.25407805834765257,0.21189722478697065,0.49950240507970883,0.49682162936396496,1.5239467095417913,0
WineQuality,123,7,3.0,0.11622374141114769,0.14761995339563624,0.5119906052454986,0.08087530239718496,,0.1519291683858933,0.08087530239718496,0.1802578395426831,0.18067871776438055,0.4869142235229765,0.5041175077396762,,1.0,0.829962105191927,0.16446405764433664,0.19589139882717324,0.47423846661365904,0.5041175077396762,1.5106185538852501,0
WineQuality,456,7,3.0,0.16361416361416362,0.16150985573403412,0.49687852796715787,0.20176537925823168,,0.16543304590169008,0.20176537925823168,0.17684527274124998,0.24835634753012514,0.5021708875392622,0.5053386566516103,,1.0,0.8388935505517867,0.2133691758776413,0.19627049729681456,0.5055561006693622,0.5053386566516103,1.5134184707978817,0
WineQuality,789,7,3.0,0.21575933644899162,0.17715784301248408,0.5052625286889637,0.34428346669824567,,0.1636762039854886,0.34428346669824567,0.18460734006582583,0.19116486793372653,0.48672497504694556,0.4892235511720886,,1.0,0.8432577692815212,0.22623489673866354,0.2412932008781953,0.49779014622207934,0.4892235511720886,1.5056755807831754,0
WineQuality,101,7,3.0,0.14511950414092803,0.16341914582892972,0.49063879819322964,0.0830441034663599,,0.10552527818544342,0.0830441034663599,0.16640701768698518,0.18816944399363472,0.49691867841856846,0.49999684209932727,,1.0,0.8271572127015276,0.08471713156520286,0.18061867186893305,0.495793056001985,0.49999684209932727,1.5150948005067395,0
